video_id,title,published,view_count,like_count,comment_count,duration,definition,tags,default_audio_language,madeforkid,channel_id,channelTitle
hh6gE0LxfO8,"#5 Machine Learning Specialization [Course 1, Week 1, Lesson 2]",2022-12-01T13:21:30Z,30742,319,6,PT7M17S,hd,,en,False,UCcIXc5mJsHVYTZR1maL5l9w,DeepLearningAI
_i3aqgKVNQI,C5W3L01 Basic Models,2018-02-05T19:50:14Z,110835,436,12,PT6M19S,hd,,en,False,UCcIXc5mJsHVYTZR1maL5l9w,DeepLearningAI
uvTL1N02f04,"#23 Machine Learning Specialization [Course 1, Week 2, Lesson 1]",2022-12-01T13:22:38Z,11639,107,4,PT6M53S,hd,,en,False,UCcIXc5mJsHVYTZR1maL5l9w,DeepLearningAI
H4YK_7MAckk,ChatGPT Prompt Engineering for Developers: A short course from OpenAI and DeepLearning.AI,2023-04-27T14:49:09Z,143057,2847,121,PT1M58S,hd,"['ChatGPT', 'prompt engineering', 'openai', 'deeplearning.ai', 'andrew ng', 'llms', 'large language models', 'openai api']",en,False,UCcIXc5mJsHVYTZR1maL5l9w,DeepLearningAI
YVtP5UGdgXg,"#25 Machine Learning Specialization [Course 1, Week 2, Lesson 2]",2022-12-01T13:22:45Z,11542,106,1,PT6M35S,hd,,en,False,UCcIXc5mJsHVYTZR1maL5l9w,DeepLearningAI
obdVesVsGQI,How Diffusion Models Work: A short course by DeepLearning.AI,2023-05-31T16:14:12Z,15188,210,7,PT1M39S,hd,,en,False,UCcIXc5mJsHVYTZR1maL5l9w,DeepLearningAI
vStJoetOxJg,"#1 Machine Learning Specialization [Course 1, Week 1, Lesson 1]",2022-12-01T13:20:48Z,136290,1276,17,PT2M45S,hd,,en,False,UCcIXc5mJsHVYTZR1maL5l9w,DeepLearningAI
am36dePheDc,C4W1L03 More Edge Detection,2017-11-07T19:14:40Z,153983,1446,20,PT7M58S,hd,,en-US,False,UCcIXc5mJsHVYTZR1maL5l9w,DeepLearningAI
dLc-lfEEYss,"#9 Machine Learning Specialization [Course 1, Week 1, Lesson 3]",2022-12-01T13:21:45Z,29927,298,5,PT10M27S,hd,,en,False,UCcIXc5mJsHVYTZR1maL5l9w,DeepLearningAI
ArPaAX_PhIs,C4W1L01 Computer Vision,2017-11-07T19:14:40Z,501132,2579,42,PT5M44S,hd,,en-US,False,UCcIXc5mJsHVYTZR1maL5l9w,DeepLearningAI
XtlwSmJfUs4,"#3 Machine Learning Specialization [Course 1, Week 1, Lesson 2]",2022-12-01T13:21:24Z,40483,435,4,PT5M28S,hd,,en,False,UCcIXc5mJsHVYTZR1maL5l9w,DeepLearningAI
dfeoJ55EcXs,"Generative AI for Everyone, a course from Andrew Ng, is live!",2023-11-01T15:05:28Z,12060,278,15,PT1M33S,hd,,en,False,UCcIXc5mJsHVYTZR1maL5l9w,DeepLearningAI
BYGpKPY9pO0,Supervised Learning with a Neural Network (C1W1L03),2017-08-25T20:23:04Z,134468,1004,13,PT8M29S,sd,,en-US,False,UCcIXc5mJsHVYTZR1maL5l9w,DeepLearningAI
tQYZaDn_kSg,C4W1L05 Strided Convolutions,2017-11-07T19:14:40Z,131957,1288,50,PT9M2S,hd,,en-US,False,UCcIXc5mJsHVYTZR1maL5l9w,DeepLearningAI
CFN5zHzEuGY,"#11 Machine Learning Specialization [Course 1, Week 1, Lesson 3]",2022-12-01T13:21:50Z,22786,223,4,PT9M5S,hd,,en,False,UCcIXc5mJsHVYTZR1maL5l9w,DeepLearningAI
p-ltr1C7u2o,"#31 Machine Learning Specialization [Course 1, Week 3, Lesson 1]",2022-12-01T13:23:03Z,12647,110,0,PT9M48S,hd,,en,False,UCcIXc5mJsHVYTZR1maL5l9w,DeepLearningAI
P_9hNBVRldM,"#28 Machine Learning Specialization [Course 1, Week 2, Lesson 2]",2022-12-01T13:22:54Z,9225,84,1,PT6M7S,hd,,en,False,UCcIXc5mJsHVYTZR1maL5l9w,DeepLearningAI
wiNXzydta4c,"#2 Machine Learning Specialization [Course 1, Week 1, Lesson 1]",2022-12-01T13:21:20Z,50301,440,8,PT4M29S,hd,,en,False,UCcIXc5mJsHVYTZR1maL5l9w,DeepLearningAI
w_2vCijLiiM,"#16 Machine Learning Specialization [Course 1, Week 1, Lesson 4]",2022-12-01T13:22:14Z,15719,167,4,PT10M,hd,,en,False,UCcIXc5mJsHVYTZR1maL5l9w,DeepLearningAI
jFo_gDOOusk,LangChain for LLM Application Development: A short course by DeepLearning.AI,2023-05-31T16:14:15Z,23095,336,8,PT3M5S,hd,,en,False,UCcIXc5mJsHVYTZR1maL5l9w,DeepLearningAI
SHEPb1JHw5o,Logistic Regression Cost Function (C1W2L03),2017-08-25T20:23:07Z,123515,847,46,PT8M12S,sd,,en-GB,False,UCcIXc5mJsHVYTZR1maL5l9w,DeepLearningAI
sca5rQ9x1cA,"#4 Machine Learning Specialization [Course 1, Week 1, Lesson 2]",2022-12-01T13:21:27Z,42985,382,2,PT6M57S,hd,,en,False,UCcIXc5mJsHVYTZR1maL5l9w,DeepLearningAI
YjpCQof9tI8,"#24 Machine Learning Specialization [Course 1, Week 2, Lesson 1]",2022-12-01T13:22:41Z,12923,105,4,PT7M46S,hd,,en,False,UCcIXc5mJsHVYTZR1maL5l9w,DeepLearningAI
gG_wI_uGfIE,"#6 Machine Learning Specialization [Course 1, Week 1, Lesson 2]",2022-12-01T13:21:34Z,26485,341,11,PT8M54S,hd,,en,False,UCcIXc5mJsHVYTZR1maL5l9w,DeepLearningAI
RGL_XUjPkGo,"#19 Machine Learning Specialization [Course 1, Week 1, Lesson 4]",2022-12-01T13:22:25Z,13778,127,1,PT6M37S,hd,,en,False,UCcIXc5mJsHVYTZR1maL5l9w,DeepLearningAI
PKm61nrqpCA,"#17 Machine Learning Specialization [Course 1, Week 1, Lesson 4]",2022-12-01T13:22:17Z,14147,130,4,PT7M2S,hd,,en,False,UCcIXc5mJsHVYTZR1maL5l9w,DeepLearningAI
xflCLdJh0n0,Why is deep learning taking off? (C1W1L04),2017-08-25T20:23:05Z,110187,855,18,PT10M22S,sd,,en,False,UCcIXc5mJsHVYTZR1maL5l9w,DeepLearningAI
KWULpBYzIYk,"#10 Machine Learning Specialization [Course 1, Week 1, Lesson 3]",2022-12-01T13:21:47Z,24418,233,12,PT6M44S,hd,,en,False,UCcIXc5mJsHVYTZR1maL5l9w,DeepLearningAI
eqEc66RFY0I,Binary Classification (C1W2L01),2017-08-25T20:23:06Z,194626,1687,49,PT8M24S,sd,,en,False,UCcIXc5mJsHVYTZR1maL5l9w,DeepLearningAI
g7dv-Lnuor4,Machine Learning Specialization by DeepLearning.AI,2023-03-08T16:39:30Z,39826,1094,60,PT2M11S,hd,,en,False,UCcIXc5mJsHVYTZR1maL5l9w,DeepLearningAI
1waHlpKiNyY,Train/Dev/Test Sets (C2W1L01),2017-08-25T20:22:46Z,249550,1061,20,PT12M5S,hd,,en-US,False,UCcIXc5mJsHVYTZR1maL5l9w,DeepLearningAI
0az8RjxLLPQ,"#33 Machine Learning Specialization [Course 1, Week 3, Lesson 1]",2022-12-01T13:23:09Z,10446,97,3,PT10M43S,hd,,en,False,UCcIXc5mJsHVYTZR1maL5l9w,DeepLearningAI
bFNz2u0hl9E,"#13 Machine Learning Specialization [Course 1, Week 1, Lesson 3]",2022-12-01T13:22:03Z,18526,190,5,PT8M34S,hd,,en,False,UCcIXc5mJsHVYTZR1maL5l9w,DeepLearningAI
bXJx7y51cl0,C4W1L10 CNN Example,2017-11-07T19:14:40Z,112997,1300,111,PT11M40S,hd,,en-US,False,UCcIXc5mJsHVYTZR1maL5l9w,DeepLearningAI
jXg0vU0y1ak,"#21 Machine Learning Specialization [Course 1, Week 2, Lesson 1]",2022-12-01T13:22:32Z,15140,146,3,PT9M52S,hd,,en,False,UCcIXc5mJsHVYTZR1maL5l9w,DeepLearningAI
_0bhZBqtCCs,"#7 Machine Learning Specialization [Course 1, Week 1, Lesson 2]",2022-12-01T13:21:37Z,21415,195,1,PT3M40S,hd,,en,False,UCcIXc5mJsHVYTZR1maL5l9w,DeepLearningAI
U6zuBcmLxSg,"#22 Machine Learning Specialization [Course 1, Week 2, Lesson 1]",2022-12-01T13:22:35Z,12615,118,2,PT6M55S,hd,,en,False,UCcIXc5mJsHVYTZR1maL5l9w,DeepLearningAI
3vtN-q9F9-0,New course with TruEra and LlamaIndex: Building and Evaluating Advanced RAG,2023-11-29T16:49:27Z,2581,67,4,PT1M44S,hd,,en,False,UCcIXc5mJsHVYTZR1maL5l9w,DeepLearningAI
peNRqkfukYY,"#12 Machine Learning Specialization [Course 1, Week 1, Lesson 3]",2022-12-01T13:21:54Z,21513,256,6,PT15M47S,hd,,en,False,UCcIXc5mJsHVYTZR1maL5l9w,DeepLearningAI
xuTiAW0OR40,"#32 Machine Learning Specialization [Course 1, Week 3, Lesson 1]",2022-12-01T13:23:06Z,11358,108,2,PT9M49S,hd,,en,False,UCcIXc5mJsHVYTZR1maL5l9w,DeepLearningAI
Z5HurHL2fWc,New course with Google Cloud: Reinforcement Learning from Human Feedback (RLHF),2023-12-13T14:11:37Z,2911,97,3,PT3M27S,hd,,en,False,UCcIXc5mJsHVYTZR1maL5l9w,DeepLearningAI
8upNQi-40Q8,"#37 Machine Learning Specialization [Course 1, Week 3, Lesson 4]",2022-12-01T13:23:22Z,11223,94,1,PT11M53S,hd,,en,False,UCcIXc5mJsHVYTZR1maL5l9w,DeepLearningAI
vq4Ie5xWhww,"#34 Machine Learning Specialization [Course 1, Week 3, Lesson 2]",2022-12-01T13:23:11Z,10698,106,5,PT12M,hd,,en,False,UCcIXc5mJsHVYTZR1maL5l9w,DeepLearningAI
k0h8emRAAHE,"#18 Machine Learning Specialization [Course 1, Week 1, Lesson 4]",2022-12-01T13:22:21Z,13366,130,3,PT9M4S,hd,,en,False,UCcIXc5mJsHVYTZR1maL5l9w,DeepLearningAI
jPOAS7uCODQ,C4W1L07 One Layer of a Convolutional Net,2017-11-07T19:14:40Z,150085,1607,54,PT16M11S,hd,,en-US,False,UCcIXc5mJsHVYTZR1maL5l9w,DeepLearningAI
hjrYrynGWGA,Logistic Regression (C1W2L02),2017-08-25T20:23:07Z,130946,739,39,PT6M,sd,,en-US,False,UCcIXc5mJsHVYTZR1maL5l9w,DeepLearningAI
YJsRD_hU4tc,"#3 Machine Learning Engineering for Production (MLOps) Specialization [Course 1, Week 1, Lesson 3]",2022-04-20T23:59:57Z,22348,267,2,PT12M4S,hd,,en,False,UCcIXc5mJsHVYTZR1maL5l9w,DeepLearningAI
IFkRKJ5iBDE,"#30 Machine Learning Specialization [Course 1, Week 2, Lesson 2]",2022-12-01T13:23:00Z,10386,116,2,PT5M52S,hd,,en,False,UCcIXc5mJsHVYTZR1maL5l9w,DeepLearningAI
6jfw8MuKwpI,C4W4L03 Siamese Network,2017-11-07T19:46:13Z,125197,1267,24,PT4M52S,hd,,en-US,False,UCcIXc5mJsHVYTZR1maL5l9w,DeepLearningAI
XdsmlBGOK-k,C4W3L04 Convolutional Implementation Sliding Windows,2017-11-07T19:34:58Z,107485,1055,56,PT11M9S,hd,,en-US,False,UCcIXc5mJsHVYTZR1maL5l9w,DeepLearningAI
1waHlpKiNyY,Train/Dev/Test Sets (C2W1L01),2017-08-25T20:22:46Z,249550,1061,20,PT12M5S,hd,,en-US,False,UCcIXc5mJsHVYTZR1maL5l9w,DeepLearningAI
peNRqkfukYY,"#12 Machine Learning Specialization [Course 1, Week 1, Lesson 3]",2022-12-01T13:21:54Z,21513,256,6,PT15M47S,hd,,en,False,UCcIXc5mJsHVYTZR1maL5l9w,DeepLearningAI
P_9hNBVRldM,"#28 Machine Learning Specialization [Course 1, Week 2, Lesson 2]",2022-12-01T13:22:54Z,9227,84,1,PT6M7S,hd,,en,False,UCcIXc5mJsHVYTZR1maL5l9w,DeepLearningAI
06-AZXmwHjo,A Chat with Andrew on MLOps: From Model-centric to Data-centric AI,2021-03-24T18:04:19Z,278629,7634,149,PT1H11S,hd,,en,False,UCcIXc5mJsHVYTZR1maL5l9w,DeepLearningAI
Z5HurHL2fWc,New course with Google Cloud: Reinforcement Learning from Human Feedback (RLHF),2023-12-13T14:11:37Z,2905,97,3,PT3M27S,hd,,en,False,UCcIXc5mJsHVYTZR1maL5l9w,DeepLearningAI
dfeoJ55EcXs,"Generative AI for Everyone, a course from Andrew Ng, is live!",2023-11-01T15:05:28Z,12058,278,15,PT1M33S,hd,,en,False,UCcIXc5mJsHVYTZR1maL5l9w,DeepLearningAI
eqEc66RFY0I,Binary Classification (C1W2L01),2017-08-25T20:23:06Z,194626,1687,49,PT8M24S,sd,,en,False,UCcIXc5mJsHVYTZR1maL5l9w,DeepLearningAI
bFNz2u0hl9E,"#13 Machine Learning Specialization [Course 1, Week 1, Lesson 3]",2022-12-01T13:22:03Z,18530,190,5,PT8M34S,hd,,en,False,UCcIXc5mJsHVYTZR1maL5l9w,DeepLearningAI
p-ltr1C7u2o,"#31 Machine Learning Specialization [Course 1, Week 3, Lesson 1]",2022-12-01T13:23:03Z,12647,110,0,PT9M48S,hd,,en,False,UCcIXc5mJsHVYTZR1maL5l9w,DeepLearningAI
sca5rQ9x1cA,"#4 Machine Learning Specialization [Course 1, Week 1, Lesson 2]",2022-12-01T13:21:27Z,42978,382,2,PT6M57S,hd,,en,False,UCcIXc5mJsHVYTZR1maL5l9w,DeepLearningAI
KWULpBYzIYk,"#10 Machine Learning Specialization [Course 1, Week 1, Lesson 3]",2022-12-01T13:21:47Z,24418,233,12,PT6M44S,hd,,en,False,UCcIXc5mJsHVYTZR1maL5l9w,DeepLearningAI
xflCLdJh0n0,Why is deep learning taking off? (C1W1L04),2017-08-25T20:23:05Z,110187,855,18,PT10M22S,sd,,en,False,UCcIXc5mJsHVYTZR1maL5l9w,DeepLearningAI
jXg0vU0y1ak,"#21 Machine Learning Specialization [Course 1, Week 2, Lesson 1]",2022-12-01T13:22:32Z,15140,146,3,PT9M52S,hd,,en,False,UCcIXc5mJsHVYTZR1maL5l9w,DeepLearningAI
gG_wI_uGfIE,"#6 Machine Learning Specialization [Course 1, Week 1, Lesson 2]",2022-12-01T13:21:34Z,26485,341,11,PT8M54S,hd,,en,False,UCcIXc5mJsHVYTZR1maL5l9w,DeepLearningAI
SHEPb1JHw5o,Logistic Regression Cost Function (C1W2L03),2017-08-25T20:23:07Z,123517,847,46,PT8M12S,sd,,en-GB,False,UCcIXc5mJsHVYTZR1maL5l9w,DeepLearningAI
w_2vCijLiiM,"#16 Machine Learning Specialization [Course 1, Week 1, Lesson 4]",2022-12-01T13:22:14Z,15718,167,4,PT10M,hd,,en,False,UCcIXc5mJsHVYTZR1maL5l9w,DeepLearningAI
bXJx7y51cl0,C4W1L10 CNN Example,2017-11-07T19:14:40Z,112997,1300,111,PT11M40S,hd,,en-US,False,UCcIXc5mJsHVYTZR1maL5l9w,DeepLearningAI
PKm61nrqpCA,"#17 Machine Learning Specialization [Course 1, Week 1, Lesson 4]",2022-12-01T13:22:17Z,14147,130,4,PT7M2S,hd,,en,False,UCcIXc5mJsHVYTZR1maL5l9w,DeepLearningAI
YjpCQof9tI8,"#24 Machine Learning Specialization [Course 1, Week 2, Lesson 1]",2022-12-01T13:22:41Z,12923,105,4,PT7M46S,hd,,en,False,UCcIXc5mJsHVYTZR1maL5l9w,DeepLearningAI
RGL_XUjPkGo,"#19 Machine Learning Specialization [Course 1, Week 1, Lesson 4]",2022-12-01T13:22:25Z,13778,127,1,PT6M37S,hd,,en,False,UCcIXc5mJsHVYTZR1maL5l9w,DeepLearningAI
0az8RjxLLPQ,"#33 Machine Learning Specialization [Course 1, Week 3, Lesson 1]",2022-12-01T13:23:09Z,10446,97,3,PT10M43S,hd,,en,False,UCcIXc5mJsHVYTZR1maL5l9w,DeepLearningAI
YJsRD_hU4tc,"#3 Machine Learning Engineering for Production (MLOps) Specialization [Course 1, Week 1, Lesson 3]",2022-04-20T23:59:57Z,22348,267,2,PT12M4S,hd,,en,False,UCcIXc5mJsHVYTZR1maL5l9w,DeepLearningAI
xuTiAW0OR40,"#32 Machine Learning Specialization [Course 1, Week 3, Lesson 1]",2022-12-01T13:23:06Z,11358,108,2,PT9M49S,hd,,en,False,UCcIXc5mJsHVYTZR1maL5l9w,DeepLearningAI
jPOAS7uCODQ,C4W1L07 One Layer of a Convolutional Net,2017-11-07T19:14:40Z,150085,1607,54,PT16M11S,hd,,en-US,False,UCcIXc5mJsHVYTZR1maL5l9w,DeepLearningAI
U6zuBcmLxSg,"#22 Machine Learning Specialization [Course 1, Week 2, Lesson 1]",2022-12-01T13:22:35Z,12615,118,2,PT6M55S,hd,,en,False,UCcIXc5mJsHVYTZR1maL5l9w,DeepLearningAI
_0bhZBqtCCs,"#7 Machine Learning Specialization [Course 1, Week 1, Lesson 2]",2022-12-01T13:21:37Z,21415,195,1,PT3M40S,hd,,en,False,UCcIXc5mJsHVYTZR1maL5l9w,DeepLearningAI
3vtN-q9F9-0,New course with TruEra and LlamaIndex: Building and Evaluating Advanced RAG,2023-11-29T16:49:27Z,2581,67,4,PT1M44S,hd,,en,False,UCcIXc5mJsHVYTZR1maL5l9w,DeepLearningAI
vq4Ie5xWhww,"#34 Machine Learning Specialization [Course 1, Week 3, Lesson 2]",2022-12-01T13:23:11Z,10698,106,5,PT12M,hd,,en,False,UCcIXc5mJsHVYTZR1maL5l9w,DeepLearningAI
k0h8emRAAHE,"#18 Machine Learning Specialization [Course 1, Week 1, Lesson 4]",2022-12-01T13:22:21Z,13366,130,3,PT9M4S,hd,,en,False,UCcIXc5mJsHVYTZR1maL5l9w,DeepLearningAI
8upNQi-40Q8,"#37 Machine Learning Specialization [Course 1, Week 3, Lesson 4]",2022-12-01T13:23:22Z,11223,94,1,PT11M53S,hd,,en,False,UCcIXc5mJsHVYTZR1maL5l9w,DeepLearningAI
0pnEUAwoDP0,"How to Build, Evaluate, and Iterate on LLM Agents",2023-12-05T19:16:08Z,14888,649,3,PT1H2M12S,hd,,en-US,False,UCcIXc5mJsHVYTZR1maL5l9w,DeepLearningAI
IFkRKJ5iBDE,"#30 Machine Learning Specialization [Course 1, Week 2, Lesson 2]",2022-12-01T13:23:00Z,10386,116,2,PT5M52S,hd,,en,False,UCcIXc5mJsHVYTZR1maL5l9w,DeepLearningAI
_BZGtifh_gw,FastAPI for Machine Learning: Live coding an ML web application.,2022-12-15T18:03:46Z,39497,1282,26,PT1H6S,hd,,en,False,UCcIXc5mJsHVYTZR1maL5l9w,DeepLearningAI
eTieetk2dSw,Building with Instruction-Tuned LLMs: A Step-by-Step Guide,2023-05-31T18:06:47Z,38316,1259,54,PT59M35S,hd,,en,False,UCcIXc5mJsHVYTZR1maL5l9w,DeepLearningAI
6dTL76DWYQU,"#8 Machine Learning Specialization [Course 1, Week 1, Lesson 2]",2022-12-01T13:21:40Z,21769,170,3,PT4M30S,hd,,en,False,UCcIXc5mJsHVYTZR1maL5l9w,DeepLearningAI
g68qlo9Izf0,Efficient Fine-Tuning for Llama-v2-7b on a Single GPU,2023-08-29T18:06:25Z,64329,2086,54,PT59M53S,hd,,en,False,UCcIXc5mJsHVYTZR1maL5l9w,DeepLearningAI
e69ZWbbsGng,"#2 Machine Learning Engineering for Production (MLOps) Specialization [Course 1, Week 1, Lesson 2]",2022-04-20T23:59:53Z,25308,347,3,PT3M56S,hd,,en,False,UCcIXc5mJsHVYTZR1maL5l9w,DeepLearningAI
gmJqLGrUscg,"#26 Machine Learning Specialization [Course 1, Week 2, Lesson 2]",2022-12-01T13:22:48Z,10275,97,2,PT7M35S,hd,,en,False,UCcIXc5mJsHVYTZR1maL5l9w,DeepLearningAI
jhrrw8Iuus0,"#40 Machine Learning Specialization [Course 1, Week 3, Lesson 4]",2022-12-01T13:23:33Z,10921,79,3,PT8M53S,hd,,en,False,UCcIXc5mJsHVYTZR1maL5l9w,DeepLearningAI
CS4cs9xVecg,Welcome (Deep Learning Specialization C1W1L01),2017-08-25T20:22:56Z,573759,3056,55,PT5M32S,sd,,en,False,UCcIXc5mJsHVYTZR1maL5l9w,DeepLearningAI
ecOdZlY9jsQ,"#29 Machine Learning Specialization [Course 1, Week 2, Lesson 2]",2022-12-01T13:22:57Z,9276,65,3,PT3M5S,hd,,en,False,UCcIXc5mJsHVYTZR1maL5l9w,DeepLearningAI
f32dc5M2Mn0,Prompt-Engineering for Open-Source LLMs,2023-12-19T21:55:39Z,0,9,0,P0D,sd,,en-US,False,UCcIXc5mJsHVYTZR1maL5l9w,DeepLearningAI
5g4H5_gsTpU,"#27 Machine Learning Specialization [Course 1, Week 2, Lesson 2]",2022-12-01T13:22:51Z,9663,66,0,PT5M40S,hd,,en,False,UCcIXc5mJsHVYTZR1maL5l9w,DeepLearningAI
3WUobZryyok,Building Multi-Modal Search with Vector Databases,2023-11-14T19:17:50Z,10685,495,11,PT1H1M12S,hd,,en-US,False,UCcIXc5mJsHVYTZR1maL5l9w,DeepLearningAI
L8B_g2JOQAs,LLM Agent Fine-Tuning: Enhancing Task Automation with Weights & Biases,2023-12-19T19:16:24Z,7024,358,2,PT1H56S,hd,,en-US,False,UCcIXc5mJsHVYTZR1maL5l9w,DeepLearningAI
oJ2FL5BsFuQ,AI For Prognosis (AI For Medicine),2020-04-09T18:38:45Z,4478,103,4,PT1M19S,hd,,en,False,UCcIXc5mJsHVYTZR1maL5l9w,DeepLearningAI
oCE3QLmize4,Heroes of Deep Learning: Geoff Hinton on Career Advice,2020-01-22T23:26:48Z,6718,293,7,PT1M31S,hd,,en,False,UCcIXc5mJsHVYTZR1maL5l9w,DeepLearningAI
NIiZZY7nlfU,"#39 Machine Learning Specialization [Course 1, Week 3, Lesson 4]",2022-12-01T13:23:30Z,11363,101,1,PT9M4S,hd,,en,False,UCcIXc5mJsHVYTZR1maL5l9w,DeepLearningAI
qvT3NyaycoA,Why Computer Vision is a Hard Problem (TensorFlow in Practice),2020-01-29T23:37:45Z,9402,78,3,PT40S,hd,,en,False,UCcIXc5mJsHVYTZR1maL5l9w,DeepLearningAI
ANIzQ5G-XPE,C4W3L06 Intersection Over Union,2017-11-07T19:34:58Z,72605,718,28,PT4M19S,hd,,en-US,False,UCcIXc5mJsHVYTZR1maL5l9w,DeepLearningAI
nbfJ23FxvuI,Coming soon: a new deeplearning.ai Specialization,2019-09-24T23:29:46Z,13413,440,38,PT32S,hd,,en,False,UCcIXc5mJsHVYTZR1maL5l9w,DeepLearningAI
lAq96T8FkTw,Exponentially Weighted Averages (C2W2L03),2017-08-25T20:22:31Z,81123,863,34,PT5M59S,hd,,en-US,False,UCcIXc5mJsHVYTZR1maL5l9w,DeepLearningAI
tNIpEZLv_eg,Normalizing Activations in a Network (C2W3L04),2017-08-25T20:22:33Z,105294,1171,38,PT8M55S,hd,,en-US,False,UCcIXc5mJsHVYTZR1maL5l9w,DeepLearningAI
6ykvU9WuIws,C4W3L10 Region Proposals,2017-11-07T19:34:58Z,81680,1048,17,PT6M28S,hd,,en-US,False,UCcIXc5mJsHVYTZR1maL5l9w,DeepLearningAI
96b_weTZb2w,C4W4L02 One Shot Learning,2017-11-07T19:46:13Z,96723,981,31,PT4M45S,hd,,en-US,False,UCcIXc5mJsHVYTZR1maL5l9w,DeepLearningAI
fXOsFF95ifk,Neural Network Overview (C1W3L01),2017-08-25T20:22:43Z,82270,783,18,PT4M27S,hd,,en-US,False,UCcIXc5mJsHVYTZR1maL5l9w,DeepLearningAI
hCP1vGoCdYU,Computation Graph (C1W2L07),2017-08-25T20:23:07Z,89977,590,5,PT3M34S,sd,,en-US,False,UCcIXc5mJsHVYTZR1maL5l9w,DeepLearningAI
-FfMVnwXrZ0,C4W4L01 What is face recognition,2017-11-07T19:46:13Z,48694,380,11,PT4M38S,hd,,en-US,False,UCcIXc5mJsHVYTZR1maL5l9w,DeepLearningAI
AXDByU3D1hA,Tuning Process (C2W3L01),2017-08-25T20:22:32Z,44100,456,12,PT7M11S,hd,,en-US,False,UCcIXc5mJsHVYTZR1maL5l9w,DeepLearningAI
0S9c7nHoDws,Quick Tour of Jupyter/iPython Notebooks (C1W2L17),2017-08-25T20:23:06Z,39269,187,5,PT3M44S,sd,,en-US,False,UCcIXc5mJsHVYTZR1maL5l9w,DeepLearningAI
GzphoJOVEcE,Derivatives (C1W2L05),2017-08-25T20:23:08Z,88794,648,11,PT7M11S,sd,,en-US,False,UCcIXc5mJsHVYTZR1maL5l9w,DeepLearningAI
NkOv_k7r6no,Why Non-linear Activation Functions (C1W3L07),2017-08-25T20:22:45Z,84129,905,46,PT5M36S,hd,,en-US,False,UCcIXc5mJsHVYTZR1maL5l9w,DeepLearningAI
dFX8k1kXhOw,Improving Model Performance (C3W1L01),2017-08-25T20:23:10Z,119220,450,14,PT2M43S,sd,,en-US,False,UCcIXc5mJsHVYTZR1maL5l9w,DeepLearningAI
ysnIDax71yY,About This Course (C1W1L05),2017-08-25T20:23:05Z,76330,548,15,PT2M28S,sd,,en,False,UCcIXc5mJsHVYTZR1maL5l9w,DeepLearningAI
5qefnAek8OA,Batch Norm At Test Time (C2W3L07),2017-08-25T20:22:41Z,57436,697,37,PT5M47S,sd,,en-US,False,UCcIXc5mJsHVYTZR1maL5l9w,DeepLearningAI
_Fe5kKmFieg,Sizeof Dev and Test Sets (C3W1L06),2017-08-25T20:23:13Z,19852,153,3,PT5M40S,sd,,en-US,False,UCcIXc5mJsHVYTZR1maL5l9w,DeepLearningAI
jyjJ-RpQ5zQ,Cleaning Up Incorrectly Labelled Data (C3W2L02),2017-08-25T20:23:18Z,19580,199,5,PT13M6S,sd,,en-US,False,UCcIXc5mJsHVYTZR1maL5l9w,DeepLearningAI
lWzo8CajF5s,Bias Correction of Exponentially Weighted Averages (C2W2L05),2017-08-25T20:22:32Z,52148,456,18,PT4M12S,hd,,en-US,False,UCcIXc5mJsHVYTZR1maL5l9w,DeepLearningAI
6by6Xas_Kho,Random Initialization (C1W3L11),2017-08-25T20:22:46Z,45658,414,29,PT7M58S,hd,,en-US,False,UCcIXc5mJsHVYTZR1maL5l9w,DeepLearningAI
D8PJAL-MZv8,Dropout Regularization (C2W1L06),2017-08-25T20:22:47Z,96826,797,49,PT9M26S,hd,,en-US,False,UCcIXc5mJsHVYTZR1maL5l9w,DeepLearningAI
BH9mlmdXzzI,Satisficing and Optimizing Metrics (C3W1L04),2017-08-25T20:23:12Z,23020,185,6,PT5M59S,sd,,en-US,False,UCcIXc5mJsHVYTZR1maL5l9w,DeepLearningAI
-bvTzZCEOdM,C4W2L01 Why look at case studies?,2017-11-07T19:26:10Z,57920,475,7,PT3M8S,hd,,en-US,False,UCcIXc5mJsHVYTZR1maL5l9w,DeepLearningAI
O5mqR4EFBQk,"#12 Machine Learning Engineering for Production (MLOps) Specialization [Course 1, Week 2, Lesson 4]",2022-04-21T00:03:23Z,8429,82,1,PT7M41S,hd,,en,False,UCcIXc5mJsHVYTZR1maL5l9w,DeepLearningAI
FQM13HkEfBk,C4W2L09 Transfer Learning,2017-11-07T19:26:10Z,58061,682,16,PT8M48S,hd,,en-US,False,UCcIXc5mJsHVYTZR1maL5l9w,DeepLearningAI
vm2SI8AJY0s,C5W3L09 SpeechRecog,2018-02-05T19:50:15Z,23684,214,3,PT8M54S,hd,,en-US,False,UCcIXc5mJsHVYTZR1maL5l9w,DeepLearningAI
s2coXdufOzE,Weight Initialization in a Deep Network (C2W1L11),2017-08-25T20:22:48Z,79791,799,35,PT6M12S,hd,,en-US,False,UCcIXc5mJsHVYTZR1maL5l9w,DeepLearningAI
f5sN3xAEAWQ,"#28 Machine Learning Engineering for Production (MLOps) Specialization [Course 1, Week 3, Lesson 4]",2022-04-21T00:02:27Z,3802,35,2,PT8M18S,hd,,en,False,UCcIXc5mJsHVYTZR1maL5l9w,DeepLearningAI
fODpu1-lNTw,The Problem of Local Optima (C2W3L10),2017-08-25T20:22:31Z,36122,520,22,PT5M24S,hd,,en-US,False,UCcIXc5mJsHVYTZR1maL5l9w,DeepLearningAI
DejHQYAGb7Q,C5W3L06 Bleu Score (Optional),2018-02-05T19:50:14Z,108192,803,51,PT16M26S,hd,,en-US,False,UCcIXc5mJsHVYTZR1maL5l9w,DeepLearningAI
FDCfw-YqWTE,Normalizing Inputs (C2W1L09),2017-08-25T20:22:46Z,79306,823,39,PT5M31S,hd,,en-US,False,UCcIXc5mJsHVYTZR1maL5l9w,DeepLearningAI
QrzApibhohY,Gradient Checking (C2W1L13),2017-08-25T20:22:29Z,37972,288,14,PT6M35S,hd,,en-US,False,UCcIXc5mJsHVYTZR1maL5l9w,DeepLearningAI
tKcLaGdvabM,Broadcasting in Python (C1W2L15),2017-08-25T20:23:05Z,77246,676,26,PT11M6S,sd,,en-US,False,UCcIXc5mJsHVYTZR1maL5l9w,DeepLearningAI
QgkLfjfGul8,C4W4L10 Style Cost Function,2017-11-07T19:46:13Z,27940,269,21,PT17M1S,hd,,en-US,False,UCcIXc5mJsHVYTZR1maL5l9w,DeepLearningAI
qsIrQi0fzbY,Vectorization (C1W2L11),2017-08-25T20:23:05Z,83435,666,24,PT8M5S,sd,,en-US,False,UCcIXc5mJsHVYTZR1maL5l9w,DeepLearningAI
OT91E6_Qm1A,deeplearning.ai's Heroes of Deep Learning: Ruslan Salakhutdinov,2017-08-25T20:22:21Z,28624,217,8,PT17M9S,hd,,en,False,UCcIXc5mJsHVYTZR1maL5l9w,DeepLearningAI
UdXfsAr4Gjw,Multitask Learning (C3W2L08),2017-08-25T20:22:54Z,69730,927,31,PT13M,sd,,en-US,False,UCcIXc5mJsHVYTZR1maL5l9w,DeepLearningAI
NyG-7nRpsW8,Why Regularization Reduces Overfitting (C2W1L05),2017-08-25T20:22:49Z,84188,752,43,PT7M10S,hd,,en-US,False,UCcIXc5mJsHVYTZR1maL5l9w,DeepLearningAI
4xYos-CvkIY,New course with Microsoft: How Business Thinkers Can Start Building AI Plugins With Semantic Kernel,2023-08-30T01:18:21Z,7106,167,11,PT2M41S,hd,,en,False,UCcIXc5mJsHVYTZR1maL5l9w,DeepLearningAI
VTE2KlfoO3Q,Parameters vs Hyperparameters (C1W4L07),2017-08-25T20:22:46Z,63604,724,10,PT7M17S,hd,,en-US,False,UCcIXc5mJsHVYTZR1maL5l9w,DeepLearningAI
rRB9iymNy1w,C4W3L02 Landmark Detection,2017-11-07T19:34:58Z,80183,769,26,PT5M57S,hd,,en-US,False,UCcIXc5mJsHVYTZR1maL5l9w,DeepLearningAI
3CHB3_Q6GkA,Generative AI with Large Language Models by AWS and DeepLearning.AI,2023-06-28T15:48:50Z,8765,213,17,PT1M58S,hd,,en,False,UCcIXc5mJsHVYTZR1maL5l9w,DeepLearningAI
ImUoubi_t7s,What is end-to-end deep learning? (C3W2L09),2017-08-25T20:22:54Z,40484,535,8,PT11M48S,sd,,en-US,False,UCcIXc5mJsHVYTZR1maL5l9w,DeepLearningAI
ueO_Ph0Pyqk,Training Softmax Classifier (C2W3L09),2017-08-25T20:22:43Z,69163,759,22,PT10M8S,hd,,en-US,False,UCcIXc5mJsHVYTZR1maL5l9w,DeepLearningAI
wKkcBPp3F1Y,Hyperparameter Tuning in Practice (C2W3L03),2017-08-25T20:22:33Z,73002,654,16,PT6M52S,hd,,en-US,False,UCcIXc5mJsHVYTZR1maL5l9w,DeepLearningAI
Sh4n0uk-NHk,New course with Cohere: Large Language Models with Semantic Search,2023-08-16T04:33:40Z,8944,219,9,PT2M49S,hd,,en,False,UCcIXc5mJsHVYTZR1maL5l9w,DeepLearningAI
oJ2FL5BsFuQ,AI For Prognosis (AI For Medicine),2020-04-09T18:38:45Z,4478,103,4,PT1M19S,hd,,en,False,UCcIXc5mJsHVYTZR1maL5l9w,DeepLearningAI
a8i2eJin0lY,Forward Propagation in a Deep Network (C1W4L02),2017-08-25T20:22:48Z,65868,343,14,PT7M16S,hd,,en-US,False,UCcIXc5mJsHVYTZR1maL5l9w,DeepLearningAI
xxu4IqwKw0w,deeplearning.ai's Heroes of Deep Learning: Andrej Karpathy,2017-08-25T20:22:23Z,15395,362,5,PT15M11S,hd,,,False,UCcIXc5mJsHVYTZR1maL5l9w,DeepLearningAI
y1xoI7mBtOc,Numerical Approximations of Gradients (C2W1L12),2017-08-25T20:22:48Z,39641,277,8,PT6M36S,hd,,en-US,False,UCcIXc5mJsHVYTZR1maL5l9w,DeepLearningAI
xy5MOQpx3aQ,Vectorizing Across Multiple Examples (C1W3L04),2017-08-25T20:22:46Z,55775,403,10,PT9M6S,hd,,en-US,False,UCcIXc5mJsHVYTZR1maL5l9w,DeepLearningAI
f5sN3xAEAWQ,"#28 Machine Learning Engineering for Production (MLOps) Specialization [Course 1, Week 3, Lesson 4]",2022-04-21T00:02:27Z,3802,35,2,PT8M18S,hd,,en,False,UCcIXc5mJsHVYTZR1maL5l9w,DeepLearningAI
0NSLgoEtdnw,C4W4L05 Face Verification,2017-11-07T19:46:13Z,50819,462,22,PT6M6S,hd,,en-US,False,UCcIXc5mJsHVYTZR1maL5l9w,DeepLearningAI
zGFKSQlef_0,New AI For Medicine Specialization coming soon!,2020-03-31T18:00:16Z,11800,427,29,PT1M29S,hd,,en,False,UCcIXc5mJsHVYTZR1maL5l9w,DeepLearningAI
9d4jmPmTWmc,GANs for Good- A Virtual Expert Panel by DeepLearning.AI,2020-09-30T20:23:43Z,98023,3839,79,PT1H28M44S,hd,,,False,UCcIXc5mJsHVYTZR1maL5l9w,DeepLearningAI
Zqx_hbTmN6A,C5W3L10 Trigger Word Detection,2018-02-05T19:50:14Z,8855,78,1,PT5M3S,hd,,en,False,UCcIXc5mJsHVYTZR1maL5l9w,DeepLearningAI
Xvg00QnyaIY,Activation Functions (C1W3L06),2017-08-25T20:22:44Z,87214,901,26,PT10M57S,hd,,en-US,False,UCcIXc5mJsHVYTZR1maL5l9w,DeepLearningAI
AK6r-llqogg,Deep Learning Frameworks (C2W3L10),2017-08-25T20:22:43Z,4899,60,2,PT4M16S,hd,,,False,UCcIXc5mJsHVYTZR1maL5l9w,DeepLearningAI
CcRkHl75Z-Y,Neural Network Representations (C1W3L02),2017-08-25T20:22:44Z,64263,393,7,PT5M15S,hd,,en-US,False,UCcIXc5mJsHVYTZR1maL5l9w,DeepLearningAI
DFUqMbWs5d8,When to Change Dev/Test Sets (C3W1L07),2017-08-25T20:23:13Z,19560,170,25,PT11M8S,sd,,en-US,False,UCcIXc5mJsHVYTZR1maL5l9w,DeepLearningAI
sfk5h0yC67o,Training and Testing on Different Distributions (C3W2L04),2017-08-25T20:23:19Z,20354,171,1,PT10M56S,sd,,en-US,False,UCcIXc5mJsHVYTZR1maL5l9w,DeepLearningAI
rMOdrD61IoU,Computing Neural Network Output (C1W3L03),2017-08-25T20:22:45Z,68636,486,26,PT9M58S,hd,,en-US,False,UCcIXc5mJsHVYTZR1maL5l9w,DeepLearningAI
U1bIc6pFdw4,Ones To Watch: Christine Payne,2019-05-22T01:46:35Z,10135,263,16,PT4M49S,hd,,en,False,UCcIXc5mJsHVYTZR1maL5l9w,DeepLearningAI
em6dfRxYkYU,Fitting Batch Norm Into Neural Networks (C2W3L05),2017-08-25T20:22:34Z,78816,764,29,PT12M56S,hd,,en-US,False,UCcIXc5mJsHVYTZR1maL5l9w,DeepLearningAI
M3qpIzy4MQk,Train/Dev/Test Set Distributions (C3W1L05),2017-08-25T20:23:12Z,29107,239,5,PT6M36S,sd,,en-US,False,UCcIXc5mJsHVYTZR1maL5l9w,DeepLearningAI
Foc4kUd0k7M,"New course: Functions, Tools and Agents with LangChain",2023-10-25T15:46:13Z,3278,109,5,PT2M5S,hd,,en,False,UCcIXc5mJsHVYTZR1maL5l9w,DeepLearningAI
CZf3oo0fuh0,Avoidable Bias (C3W1L09),2017-08-25T20:23:15Z,17780,154,5,PT7M,sd,,en-US,False,UCcIXc5mJsHVYTZR1maL5l9w,DeepLearningAI
5dWp1mw_XNk,Why Deep Representations? (C1W4L04),2017-08-25T20:22:44Z,43772,445,13,PT10M34S,hd,,en-US,False,UCcIXc5mJsHVYTZR1maL5l9w,DeepLearningAI
2gw5tE2ziqA,Deep L-Layer Neural Network (C1W4L01),2017-08-25T20:22:46Z,49328,360,2,PT5M51S,hd,,en-US,False,UCcIXc5mJsHVYTZR1maL5l9w,DeepLearningAI
ZGUZwk7xIwk,C5W3L05 Error Analysis of Beam Search,2018-02-05T19:50:14Z,8820,129,3,PT9M44S,hd,,en,False,UCcIXc5mJsHVYTZR1maL5l9w,DeepLearningAI
z_xiwjEdAC4,Logistic Regression Gradient Descent (C1W2L09),2017-08-25T20:23:04Z,110336,728,44,PT6M43S,sd,,en-US,False,UCcIXc5mJsHVYTZR1maL5l9w,DeepLearningAI
YMCPq8gfUxA,How to #BeADeepLearner,2022-01-26T19:43:03Z,7659,319,3,PT1H35M,hd,,en,False,UCcIXc5mJsHVYTZR1maL5l9w,DeepLearningAI
BY9KV8uCtj4,Yann LeCun and Andrew Ng: Why the 6-month AI Pause is a Bad Idea,2023-04-07T17:06:28Z,123553,3476,383,PT32M4S,hd,,en,False,UCcIXc5mJsHVYTZR1maL5l9w,DeepLearningAI
rt0uNjjBya4,Ready for the Mathematics for Machine Learning and Data Science Specialization? ðŸš€,2023-01-31T16:13:22Z,13477,365,15,PT1M21S,hd,,en,False,UCcIXc5mJsHVYTZR1maL5l9w,DeepLearningAI
kkWRbIb42Ms,Explanation For Vectorized Implementation (C1W3L05),2017-08-25T20:22:44Z,53591,338,12,PT7M38S,hd,,en-US,False,UCcIXc5mJsHVYTZR1maL5l9w,DeepLearningAI
-_4Zi8fCZO4,Understanding Mini-Batch Gradient Dexcent (C2W2L02),2017-08-25T20:22:31Z,60277,626,32,PT11M19S,hd,,en-US,False,UCcIXc5mJsHVYTZR1maL5l9w,DeepLearningAI
zg26t-BH7ao,Improving Model Performance (C3W1L12),2017-08-25T20:23:16Z,18223,153,10,PT6M21S,sd,,en-US,False,UCcIXc5mJsHVYTZR1maL5l9w,DeepLearningAI
quoGRI-1l0A,C5W3L08 Attention Model,2018-02-05T19:50:16Z,155101,1589,53,PT12M23S,hd,,en-US,False,UCcIXc5mJsHVYTZR1maL5l9w,DeepLearningAI
yslMo3hSbqE,Getting Matrix Dimensions Right (C1W4L03),2017-08-25T20:22:44Z,40366,380,12,PT11M10S,sd,,en-US,False,UCcIXc5mJsHVYTZR1maL5l9w,DeepLearningAI
y7RfAwltHTw,Heroes of Deep Learning: Pieter Abbeel and Andrej Karpathy on Getting Started,2020-02-03T20:04:32Z,3862,73,2,PT1M27S,hd,,en,False,UCcIXc5mJsHVYTZR1maL5l9w,DeepLearningAI
UHFTY0B718s,"Evaluating and Debugging Generative AI, Now Available!",2023-08-02T07:34:27Z,5308,162,11,PT1M56S,hd,,en,False,UCcIXc5mJsHVYTZR1maL5l9w,DeepLearningAI
P7_jFxTtJEo,Derivatives Of Activation Functions (C1W3L08),2017-08-25T20:22:46Z,58596,468,12,PT7M58S,hd,,en-US,False,UCcIXc5mJsHVYTZR1maL5l9w,DeepLearningAI
7bLEWDZng_M,Gradient Descent For Neural Networks (C1W3L09),2017-08-25T20:22:44Z,74216,527,30,PT9M58S,hd,,en-US,False,UCcIXc5mJsHVYTZR1maL5l9w,DeepLearningAI
qzPQ8cEsVK8,Forward and Backward Propagation (C1W4L06),2017-08-25T20:22:19Z,71860,479,13,PT10M30S,hd,,en-US,False,UCcIXc5mJsHVYTZR1maL5l9w,DeepLearningAI
BunESRhYhec,Building Systems with the ChatGPT API: A short course from OpenAI and DeepLearning.AI,2023-05-31T16:14:19Z,19221,381,15,PT1M28S,hd,,en,False,UCcIXc5mJsHVYTZR1maL5l9w,DeepLearningAI
gb__z7LlN_4,C5W3L04 Refining Beam Search,2018-02-05T19:50:14Z,19415,260,10,PT11M1S,hd,,en,False,UCcIXc5mJsHVYTZR1maL5l9w,DeepLearningAI
V2QlTmh6P2Y,A Note on Python/Numpy Vectors (C1W2L16),2017-08-25T20:23:05Z,49896,493,6,PT6M50S,sd,,en-US,False,UCcIXc5mJsHVYTZR1maL5l9w,DeepLearningAI
B7-iPbddhsw,Building Blocks of a Deep Neural Network (C1W4L05),2017-08-25T20:22:45Z,42025,295,5,PT8M34S,hd,,en-US,False,UCcIXc5mJsHVYTZR1maL5l9w,DeepLearningAI
dZVkygnKh1M,C4W2L02 Classic Network,2017-11-07T19:26:10Z,92882,971,50,PT18M19S,hd,,en-US,False,UCcIXc5mJsHVYTZR1maL5l9w,DeepLearningAI
sofffBNhVSo,Single Number Evaluation Metric (C3W1L03),2017-08-25T20:23:11Z,25847,218,2,PT7M17S,sd,,en-US,False,UCcIXc5mJsHVYTZR1maL5l9w,DeepLearningAI
quEHyoA94rw,"#14 Machine Learning Engineering for Production (MLOps) Specialization [Course 1, Week 2, Lesson 6]",2022-04-21T00:03:18Z,6743,61,2,PT8M29S,hd,,en,False,UCcIXc5mJsHVYTZR1maL5l9w,DeepLearningAI
gb__z7LlN_4,C5W3L04 Refining Beam Search,2018-02-05T19:50:14Z,19415,260,10,PT11M1S,hd,,en,False,UCcIXc5mJsHVYTZR1maL5l9w,DeepLearningAI
V2QlTmh6P2Y,A Note on Python/Numpy Vectors (C1W2L16),2017-08-25T20:23:05Z,49896,493,6,PT6M50S,sd,,en-US,False,UCcIXc5mJsHVYTZR1maL5l9w,DeepLearningAI
B7-iPbddhsw,Building Blocks of a Deep Neural Network (C1W4L05),2017-08-25T20:22:45Z,42025,295,5,PT8M34S,hd,,en-US,False,UCcIXc5mJsHVYTZR1maL5l9w,DeepLearningAI
dZVkygnKh1M,C4W2L02 Classic Network,2017-11-07T19:26:10Z,92882,971,50,PT18M19S,hd,,en-US,False,UCcIXc5mJsHVYTZR1maL5l9w,DeepLearningAI
sofffBNhVSo,Single Number Evaluation Metric (C3W1L03),2017-08-25T20:23:11Z,25847,218,2,PT7M17S,sd,,en-US,False,UCcIXc5mJsHVYTZR1maL5l9w,DeepLearningAI
quEHyoA94rw,"#14 Machine Learning Engineering for Production (MLOps) Specialization [Course 1, Week 2, Lesson 6]",2022-04-21T00:03:18Z,6743,61,2,PT8M29S,hd,,en,False,UCcIXc5mJsHVYTZR1maL5l9w,DeepLearningAI
6joSL0CUNtA,Heroes of Deep Learning: Yann LeCun and Ruslan Salakhutdinov on Getting Started,2020-02-24T19:31:41Z,4373,75,2,PT1M45S,hd,,en,False,UCcIXc5mJsHVYTZR1maL5l9w,DeepLearningAI
nJyUyKN-XBQ,Derivatives With Computation Graphs (C1W2L08),2017-08-25T20:23:08Z,95875,848,21,PT14M34S,sd,,en-US,False,UCcIXc5mJsHVYTZR1maL5l9w,DeepLearningAI
vf_5V_MZk6c,Grow Your Career in the Industry as an ML Practitioner,2021-09-29T18:08:09Z,5499,212,1,PT1H25S,hd,,en,False,UCcIXc5mJsHVYTZR1maL5l9w,DeepLearningAI
NxTFlzBjS-4,Understanding Exponentially Weighted Averages (C2W2L04),2017-08-25T20:22:32Z,63507,640,15,PT9M42S,hd,,en-US,False,UCcIXc5mJsHVYTZR1maL5l9w,DeepLearningAI
ErNp43wcudY,"#6 Machine Learning Engineering for Production (MLOps) Specialization [Course 1, Week 1, Lesson 6]",2022-04-21T00:00:10Z,13672,137,3,PT11M53S,hd,,en,False,UCcIXc5mJsHVYTZR1maL5l9w,DeepLearningAI
j2nGxw8sKYU,Andrew Ng at Amazon re:MARS 2019,2019-09-09T23:43:39Z,88205,2892,131,PT20M27S,hd,,en,False,UCcIXc5mJsHVYTZR1maL5l9w,DeepLearningAI
Rp7qqjlBeRY,Pie & AI: Real-world AI Applications in Medicine,2020-04-15T21:05:43Z,40982,1618,22,PT1H40M52S,hd,,,False,UCcIXc5mJsHVYTZR1maL5l9w,DeepLearningAI
R39tWYYKNcI,C4W4L06 What is neural style transfer?,2017-11-07T19:46:13Z,41392,336,1,PT2M13S,hd,,en-US,False,UCcIXc5mJsHVYTZR1maL5l9w,DeepLearningAI
AlQCf2iYWCg,New course: Vector Databases: from Embeddings to Applications with Weaviate,2023-11-08T16:51:55Z,2811,85,1,PT2M25S,hd,,en,False,UCcIXc5mJsHVYTZR1maL5l9w,DeepLearningAI
4fkqXdcTmGk,Building Generative AI Applications with Gradio Now Available!,2023-07-26T14:24:39Z,6383,131,3,PT1M14S,hd,,en,False,UCcIXc5mJsHVYTZR1maL5l9w,DeepLearningAI
Z8GILwqeSXE,AI for Good Specialization: Learn AI's role in addressing real-world challenges,2023-09-07T15:52:16Z,8023,113,6,PT1M45S,hd,,en,False,UCcIXc5mJsHVYTZR1maL5l9w,DeepLearningAI
yXcQ4B-YSjQ,Backpropagation Intuition (C1W3L10),2017-08-25T20:22:45Z,85969,585,51,PT15M49S,hd,,en-US,False,UCcIXc5mJsHVYTZR1maL5l9w,DeepLearningAI
UyEtTyeahus,"#5 Machine Learning Engineering for Production (MLOps) Specialization [Course 1, Week 1, Lesson 5]",2022-04-21T00:00:07Z,16524,217,0,PT14M23S,hd,,en,False,UCcIXc5mJsHVYTZR1maL5l9w,DeepLearningAI
l_-CUyEx_x4,Whether to Use End-To-End Deep Learning (C3W2L10),2017-08-25T20:22:55Z,19933,314,9,PT10M20S,sd,,en-US,False,UCcIXc5mJsHVYTZR1maL5l9w,DeepLearningAI
BlxnbyvHTyI,"#16 Machine Learning Engineering for Production (MLOps) Specialization [Course 1, Week 2, Lesson 8]",2022-04-21T00:03:09Z,5943,64,1,PT12M14S,hd,,en,False,UCcIXc5mJsHVYTZR1maL5l9w,DeepLearningAI
hkOosfWxBK4,"#3 AI for Good Specialization [Course 1, Week 1, Lesson 1]",2023-11-17T20:13:19Z,626,22,2,PT3M47S,hd,,en,False,UCcIXc5mJsHVYTZR1maL5l9w,DeepLearningAI
5H7M5Vd3-pk,More Derivative Examples (C1W2L06),2017-08-25T20:23:06Z,68856,483,13,PT10M28S,sd,,en-US,False,UCcIXc5mJsHVYTZR1maL5l9w,DeepLearningAI
A0ADFiiZU0k,XAI: Learning Fairness with Interpretable Machine,2021-07-09T01:19:15Z,5370,164,4,PT1H26S,hd,,en,False,UCcIXc5mJsHVYTZR1maL5l9w,DeepLearningAI
hq_XyP9y0xg,"#7 Machine Learning Engineering for Production (MLOps) Specialization [Course 1, Week 1, Lesson 7]",2022-04-21T00:00:17Z,11534,107,3,PT10M46S,hd,,en,False,UCcIXc5mJsHVYTZR1maL5l9w,DeepLearningAI
O80XSQrfyGA,New course with Google: Pair Programming with a Large Language Model,2023-09-27T15:30:36Z,6183,185,14,PT1M5S,hd,,en,False,UCcIXc5mJsHVYTZR1maL5l9w,DeepLearningAI
WtlvKq_zxPI,"#15 Machine Learning Specialization [Course 1, Week 1, Lesson 4]",2022-12-01T13:22:10Z,18049,166,1,PT8M4S,hd,,en,False,UCcIXc5mJsHVYTZR1maL5l9w,DeepLearningAI
dvnsbOtAmYI,How deep learning can detect cancerous tissue (AI For Medicine),2020-04-14T18:23:26Z,4928,85,10,PT1M13S,hd,,en,False,UCcIXc5mJsHVYTZR1maL5l9w,DeepLearningAI
_YcAEBnbtPQ,Augmenting Data (TensorFlow in Practice),2020-03-09T18:54:11Z,2928,40,1,PT39S,hd,,en,False,UCcIXc5mJsHVYTZR1maL5l9w,DeepLearningAI
43CZ0HjIC7U,"#37 Machine Learning Engineering for Production (MLOps) Specialization [Course 1, Week 3, Lesson 13]",2022-04-21T00:01:55Z,4131,35,3,PT6M55S,hd,,en,False,UCcIXc5mJsHVYTZR1maL5l9w,DeepLearningAI
H_8ZVRRtiIA,"#1 AI for Good Specialization [Course 1, Week 1, Lesson 1]",2023-11-17T21:49:15Z,1914,39,1,PT10M1S,hd,,en,False,UCcIXc5mJsHVYTZR1maL5l9w,DeepLearningAI
D9hY8pZe7hk,Step-by-Step Natural Language Processing Workshop: From Data to Deployment,2021-11-17T19:10:14Z,12157,428,5,PT1H26S,hd,,en,False,UCcIXc5mJsHVYTZR1maL5l9w,DeepLearningAI
NhZXRzH2y-E,"#41 Machine Learning Specialization [Course 1, Week 3, Lesson 4]",2022-12-01T13:23:36Z,18419,175,11,PT5M33S,hd,,en,False,UCcIXc5mJsHVYTZR1maL5l9w,DeepLearningAI
4Ct3Yujl1dk,Gradient Checking Implementation Notes (C2W1L14),2017-08-25T20:22:30Z,29038,212,6,PT5M19S,hd,,en-US,False,UCcIXc5mJsHVYTZR1maL5l9w,DeepLearningAI
1zhmudvZAs4,"#4 Machine Learning Engineering for Production (MLOps) Specialization [Course 1, Week 1, Lesson 4]",2022-04-21T00:00:04Z,14873,140,0,PT2M43S,hd,,en,False,UCcIXc5mJsHVYTZR1maL5l9w,DeepLearningAI
JoAxZsdw_3w,Carrying Out Error Analysis (C3W2L01),2017-08-25T20:23:18Z,22174,187,4,PT10M32S,sd,,en-US,False,UCcIXc5mJsHVYTZR1maL5l9w,DeepLearningAI
BY9KV8uCtj4,Yann LeCun and Andrew Ng: Why the 6-month AI Pause is a Bad Idea,2023-04-07T17:06:28Z,123553,3476,383,PT32M4S,hd,,en,False,UCcIXc5mJsHVYTZR1maL5l9w,DeepLearningAI
OIavgUGg7mc,"#4 AI for Good Specialization [Course 1, Week 1, Lesson 1]",2023-07-27T16:54:56Z,650,10,0,PT4M49S,hd,,en,False,UCcIXc5mJsHVYTZR1maL5l9w,DeepLearningAI
O9ZrPXPLmWg,"#21 Machine Learning Engineering for Production (MLOps) Specialization [Course 1, Week 2, Lesson 13]",2022-04-21T00:02:56Z,4863,54,2,PT6M17S,hd,,en,False,UCcIXc5mJsHVYTZR1maL5l9w,DeepLearningAI
4pkzY95Otm4,Beyond Jupyter Notebooks: MLOps Environment Setup & First Deployment,2022-09-28T18:02:58Z,21085,772,20,PT58M13S,hd,,en,False,UCcIXc5mJsHVYTZR1maL5l9w,DeepLearningAI
Ta14KpeZJok,Machine Learning Engineering for Production (MLOps),2021-06-30T18:16:07Z,51512,1523,20,PT1H9M56S,hd,,en,False,UCcIXc5mJsHVYTZR1maL5l9w,DeepLearningAI
SzAmGg2TVBg,Break into NLP hosted by deeplearning.ai,2020-07-29T18:44:10Z,42809,1833,41,PT1H33M46S,hd,,,False,UCcIXc5mJsHVYTZR1maL5l9w,DeepLearningAI
Ny970B12IQk,"#31 Machine Learning Engineering for Production (MLOps) Specialization [Course 1, Week 3, Lesson 7]",2022-04-21T00:02:17Z,3507,31,2,PT9M3S,hd,,en,False,UCcIXc5mJsHVYTZR1maL5l9w,DeepLearningAI
eMh5YqKopjE,deeplearning.ai's Heroes of Deep Learning: Dawn Song,2018-09-28T20:06:40Z,11110,194,10,PT37M26S,hd,,en,False,UCcIXc5mJsHVYTZR1maL5l9w,DeepLearningAI
y2v1-u6t5eQ,How to pick AI projects (AI For Everyone),2020-02-10T19:48:13Z,7921,120,6,PT41S,hd,,en,False,UCcIXc5mJsHVYTZR1maL5l9w,DeepLearningAI
7VHsWChH27g,Training in the Browser (TensorFlow: Data and Deployment),2020-01-20T19:07:11Z,3631,50,6,PT1M2S,hd,,en,False,UCcIXc5mJsHVYTZR1maL5l9w,DeepLearningAI
AmlhNK9_I4o,New course with WhyLabs: Quality and Safety for LLM Applications,2023-11-15T16:32:27Z,1922,45,1,PT1M50S,hd,,en,False,UCcIXc5mJsHVYTZR1maL5l9w,DeepLearningAI
CLwssCapvAI,"#13 AI for Good Specialization [Course 1, Week 2, Lesson 1]",2023-07-27T16:57:59Z,282,4,0,PT5M56S,hd,,en,False,UCcIXc5mJsHVYTZR1maL5l9w,DeepLearningAI
4Ct3Yujl1dk,Gradient Checking Implementation Notes (C2W1L14),2017-08-25T20:22:30Z,29038,212,6,PT5M19S,hd,,en-US,False,UCcIXc5mJsHVYTZR1maL5l9w,DeepLearningAI
1zhmudvZAs4,"#4 Machine Learning Engineering for Production (MLOps) Specialization [Course 1, Week 1, Lesson 4]",2022-04-21T00:00:04Z,14873,140,0,PT2M43S,hd,,en,False,UCcIXc5mJsHVYTZR1maL5l9w,DeepLearningAI
QSLh7CUEfXA,"Break into AI: I took an online course, what's next?",2020-11-19T20:05:49Z,16370,576,18,PT1H25M5S,hd,,en,False,UCcIXc5mJsHVYTZR1maL5l9w,DeepLearningAI
JoAxZsdw_3w,Carrying Out Error Analysis (C3W2L01),2017-08-25T20:23:18Z,22174,187,4,PT10M32S,sd,,en-US,False,UCcIXc5mJsHVYTZR1maL5l9w,DeepLearningAI
OIavgUGg7mc,"#4 AI for Good Specialization [Course 1, Week 1, Lesson 1]",2023-07-27T16:54:56Z,650,10,0,PT4M49S,hd,,en,False,UCcIXc5mJsHVYTZR1maL5l9w,DeepLearningAI
O9ZrPXPLmWg,"#21 Machine Learning Engineering for Production (MLOps) Specialization [Course 1, Week 2, Lesson 13]",2022-04-21T00:02:56Z,4863,54,2,PT6M17S,hd,,en,False,UCcIXc5mJsHVYTZR1maL5l9w,DeepLearningAI
Ny970B12IQk,"#31 Machine Learning Engineering for Production (MLOps) Specialization [Course 1, Week 3, Lesson 7]",2022-04-21T00:02:17Z,3507,31,2,PT9M3S,hd,,en,False,UCcIXc5mJsHVYTZR1maL5l9w,DeepLearningAI
y2v1-u6t5eQ,How to pick AI projects (AI For Everyone),2020-02-10T19:48:13Z,7921,120,6,PT41S,hd,,en,False,UCcIXc5mJsHVYTZR1maL5l9w,DeepLearningAI
7VHsWChH27g,Training in the Browser (TensorFlow: Data and Deployment),2020-01-20T19:07:11Z,3631,50,6,PT1M2S,hd,,en,False,UCcIXc5mJsHVYTZR1maL5l9w,DeepLearningAI
7xkDGdnRLTQ,How to transition into a career in ML/AI,2022-02-16T19:12:48Z,12141,360,10,PT1H6M14S,hd,,en,False,UCcIXc5mJsHVYTZR1maL5l9w,DeepLearningAI
AmlhNK9_I4o,New course with WhyLabs: Quality and Safety for LLM Applications,2023-11-15T16:32:27Z,1922,45,1,PT1M50S,hd,,en,False,UCcIXc5mJsHVYTZR1maL5l9w,DeepLearningAI
CLwssCapvAI,"#13 AI for Good Specialization [Course 1, Week 2, Lesson 1]",2023-07-27T16:57:59Z,282,4,0,PT5M56S,hd,,en,False,UCcIXc5mJsHVYTZR1maL5l9w,DeepLearningAI
6dQgPFaZMGQ,Practical Challenges Training with Medical Data (AI For Medicine),2020-04-07T18:35:05Z,4700,76,11,PT1M1S,hd,,en,False,UCcIXc5mJsHVYTZR1maL5l9w,DeepLearningAI
C1N_PDHuJ6Q,Basic Recipe for Machine Learning (C2W1L03),2017-08-25T20:22:48Z,65765,598,19,PT6M22S,hd,,en-US,False,UCcIXc5mJsHVYTZR1maL5l9w,DeepLearningAI
7AZjh2VXD6E,Course Resources (C1W1L06),2017-08-25T20:22:55Z,72374,344,3,PT1M56S,sd,,en,False,UCcIXc5mJsHVYTZR1maL5l9w,DeepLearningAI
EOpTXhGMloo,#BeADeepLearner like Macit Giray Gokirmak with DeepLearning.AI,2022-04-08T22:56:49Z,1046,16,0,PT47S,hd,,en,False,UCcIXc5mJsHVYTZR1maL5l9w,DeepLearningAI
cFFu__mcoIw,C4W2L08 Using Open Source Implementation,2017-11-07T19:26:10Z,41553,419,1,PT4M57S,hd,,en-US,False,UCcIXc5mJsHVYTZR1maL5l9w,DeepLearningAI
7M5o9FO1t7k,"#6 AI for Good Specialization [Course 1, Week 1, Lesson 2]",2023-07-27T16:55:27Z,481,9,0,PT5M1S,hd,,en,False,UCcIXc5mJsHVYTZR1maL5l9w,DeepLearningAI
cSoK_6Rkbfg,Using an Appropriate Scale (C2W3L02),2017-08-25T20:22:24Z,33164,325,10,PT8M51S,hd,,en-US,False,UCcIXc5mJsHVYTZR1maL5l9w,DeepLearningAI
2zgon7XfN4I,What does this have to do with the brain? (C1W4L08),2017-08-25T20:22:47Z,33906,361,21,PT3M18S,hd,,en-US,False,UCcIXc5mJsHVYTZR1maL5l9w,DeepLearningAI
4Ai7wmUGFNA,"AI + X: Donâ€™t Switch Careers, Add AI",2021-02-04T19:42:30Z,17150,560,15,PT1H34M6S,hd,,en,False,UCcIXc5mJsHVYTZR1maL5l9w,DeepLearningAI
y_-Gh3iARJM,C5W3L11 Summary and Thank You,2018-02-05T19:50:14Z,1725,42,5,PT2M45S,hd,,en,False,UCcIXc5mJsHVYTZR1maL5l9w,DeepLearningAI
cI6WLiujJDY,What AI Can and Cannot Do (AI For Everyone),2020-01-28T01:02:39Z,4265,55,4,PT37S,hd,,en,False,UCcIXc5mJsHVYTZR1maL5l9w,DeepLearningAI
HfM8UIohGE0,"Build First System Quickly, Then Iterate (C3W2L03)",2017-08-25T20:23:19Z,13893,111,3,PT6M2S,sd,,en-US,False,UCcIXc5mJsHVYTZR1maL5l9w,DeepLearningAI
dM0exrbVZ08,Surpassing Human-Level Performance (C3W1L11),2017-08-25T20:23:16Z,14228,112,3,PT6M22S,sd,,en-US,False,UCcIXc5mJsHVYTZR1maL5l9w,DeepLearningAI
ulClsulw8fs,"#31 AI for Good Specialization [Course 1, Week 3, Lesson 1]",2023-07-27T17:10:50Z,314,6,0,PT13M39S,hd,,en,False,UCcIXc5mJsHVYTZR1maL5l9w,DeepLearningAI
JtDQkaTXC0A,Protecting Front line American Healthcare Workers Fighting COVID19: Lessons from South Korea,2020-03-26T00:48:09Z,9572,180,6,PT1H7M44S,hd,,,False,UCcIXc5mJsHVYTZR1maL5l9w,DeepLearningAI
xY-DMAJpIP4,C4W4L08 Cost Function,2017-11-07T19:46:13Z,30743,225,6,PT4M,hd,,en-US,False,UCcIXc5mJsHVYTZR1maL5l9w,DeepLearningAI
bAn_m51ysNE,#BeADeepLearner like Yudhiesh Ravindran with DeepLearning.AI,2022-04-08T22:56:23Z,551,5,0,PT42S,hd,,en,False,UCcIXc5mJsHVYTZR1maL5l9w,DeepLearningAI
XVkLL9eq8sk,Climbing the Corporate AI Ladder -DeepLearning.AI & FourthBrain,2021-05-05T18:16:36Z,6701,208,5,PT1H6M7S,hd,,en,False,UCcIXc5mJsHVYTZR1maL5l9w,DeepLearningAI
ChGx_wK7VaE,Practical Data Science on AWS: Generative AI,2023-02-23T19:10:47Z,20561,832,26,PT1H3M7S,hd,,en,False,UCcIXc5mJsHVYTZR1maL5l9w,DeepLearningAI
xvhOZLMaquY,AI+X: AI Innovation in Healthcare,2021-03-25T18:08:42Z,7692,224,4,PT1H2M55S,hd,,en,False,UCcIXc5mJsHVYTZR1maL5l9w,DeepLearningAI
9p7WWapTrpA,"#40 Machine Learning Engineering for Production (MLOps) Specialization [Course 1, Week 3, Lesson 16]",2022-04-21T00:00:50Z,6641,57,4,PT2M36S,hd,,en,False,UCcIXc5mJsHVYTZR1maL5l9w,DeepLearningAI
gXluw4FxfKg,Learner Spotlight: My Journey into AI,2021-04-13T18:25:20Z,5721,182,12,PT1H4M15S,hd,,en,False,UCcIXc5mJsHVYTZR1maL5l9w,DeepLearningAI
U2nXlwCwuO4,Expert Panel: Optimizing BizOps with AI,2021-02-26T01:18:34Z,3869,116,4,PT1H2M40S,hd,,en,False,UCcIXc5mJsHVYTZR1maL5l9w,DeepLearningAI
NJaVkJDrBCc,Celebrating Deep Learner Month #BeADeepLearner,2022-04-08T22:57:53Z,6156,88,4,PT1M36S,hd,,en,False,UCcIXc5mJsHVYTZR1maL5l9w,DeepLearningAI
0ZSLRLMaDN4,Pathways in Machine Learning/Data Science,2022-05-18T18:17:18Z,8126,307,3,PT1H11M26S,hd,,en,False,UCcIXc5mJsHVYTZR1maL5l9w,DeepLearningAI
DTd7TyY7a-0,"#22 Machine Learning Engineering for Production (MLOps) Specialization [Course 1, Week 2, Lesson 14]",2022-04-21T00:02:51Z,4563,47,1,PT8M45S,hd,,en,False,UCcIXc5mJsHVYTZR1maL5l9w,DeepLearningAI
R2vIYVdMzPc,Four advanced deployment scenarios (TensorFlow: Data and Deployment),2020-02-12T19:12:55Z,3594,62,1,PT2M8S,hd,,en,False,UCcIXc5mJsHVYTZR1maL5l9w,DeepLearningAI
BdZ6bjcixhk,"#15 Machine Learning Engineering for Production (MLOps) Specialization [Course 1, Week 2, Lesson 7]",2022-04-21T00:03:13Z,5898,52,2,PT5M51S,hd,,en,False,UCcIXc5mJsHVYTZR1maL5l9w,DeepLearningAI
o4je1lSpyaw,"#17 Machine Learning Engineering for Production (MLOps) Specialization [Course 1, Week 2, Lesson 9]",2022-04-21T00:03:05Z,5509,55,0,PT7M58S,hd,,en,False,UCcIXc5mJsHVYTZR1maL5l9w,DeepLearningAI
s5qFpEPNXEY,"#27 Machine Learning Engineering for Production (MLOps) Specialization [Course 1, Week 3, Lesson 3]",2022-04-21T00:02:30Z,3998,46,0,PT11M18S,hd,,en,False,UCcIXc5mJsHVYTZR1maL5l9w,DeepLearningAI
opWrnW5v25w,"#38 Machine Learning Engineering for Production (MLOps) Specialization [Course 1, Week 3, Lesson 14]",2022-04-21T00:00:57Z,5094,32,0,PT14M27S,hd,,en,False,UCcIXc5mJsHVYTZR1maL5l9w,DeepLearningAI
qOEeK1SNF3k,"#24 Machine Learning Engineering for Production (MLOps) Specialization [Course 1, Week 2, Lesson 16]",2022-04-21T00:02:44Z,3853,40,0,PT3M31S,hd,,en,False,UCcIXc5mJsHVYTZR1maL5l9w,DeepLearningAI
YkTcK_LXAxw,"#35 Machine Learning Specialization [Course 1, Week 3, Lesson 2]",2022-12-01T13:23:14Z,8928,73,0,PT5M45S,hd,,en,False,UCcIXc5mJsHVYTZR1maL5l9w,DeepLearningAI
0aDhjrs8FMw,"#25 Machine Learning Engineering for Production (MLOps) Specialization [Course 1, Week 3, Lesson 1]",2022-04-21T00:02:40Z,4178,35,0,PT4M18S,hd,,en,False,UCcIXc5mJsHVYTZR1maL5l9w,DeepLearningAI
a-oCxdzFapE,"#29 Machine Learning Engineering for Production (MLOps) Specialization [Course 1, Week 3, Lesson 5]",2022-04-21T00:02:22Z,3445,36,1,PT9M9S,hd,,en,False,UCcIXc5mJsHVYTZR1maL5l9w,DeepLearningAI
GK03Wje5Wi8,Prioritizing AI/ML Projects in Your Organization,2022-04-28T18:17:49Z,3576,95,1,PT1H10M55S,hd,,en,False,UCcIXc5mJsHVYTZR1maL5l9w,DeepLearningAI
az7Og6k_-3o,DeepLearning.AI Learner Community Event ft. Ignacio Martinez,2020-10-29T17:27:20Z,1910,16,1,PT40M40S,hd,,,False,UCcIXc5mJsHVYTZR1maL5l9w,DeepLearningAI
gXluw4FxfKg,Learner Spotlight: My Journey into AI,2021-04-13T18:25:20Z,5721,182,12,PT1H4M15S,hd,,en,False,UCcIXc5mJsHVYTZR1maL5l9w,DeepLearningAI
xY-DMAJpIP4,C4W4L08 Cost Function,2017-11-07T19:46:13Z,30743,225,6,PT4M,hd,,en-US,False,UCcIXc5mJsHVYTZR1maL5l9w,DeepLearningAI
k3UYUmp3Bi4,"#18 Machine Learning Engineering for Production (MLOps) Specialization [Course 1, Week 2, Lesson 10]",2022-04-21T00:03:02Z,4768,39,0,PT2M40S,hd,,en,False,UCcIXc5mJsHVYTZR1maL5l9w,DeepLearningAI
-LjJO5trqdA,DeepLearning.AI NLP Learner Community ft.Rishit Dholakia,2020-10-29T17:26:43Z,907,29,3,PT48M15S,hd,,en,False,UCcIXc5mJsHVYTZR1maL5l9w,DeepLearningAI
QSLh7CUEfXA,"Break into AI: I took an online course, what's next?",2020-11-19T20:05:49Z,16370,576,18,PT1H25M5S,hd,,en,False,UCcIXc5mJsHVYTZR1maL5l9w,DeepLearningAI
WyHPyWrvAts,AI X Real World,2021-06-09T18:16:20Z,3096,109,3,PT1H3M37S,hd,,en,False,UCcIXc5mJsHVYTZR1maL5l9w,DeepLearningAI
3WaqixS_yO0,#BeADeepLearner like Kulsoom Abdullah with DeepLearning.AI,2022-04-08T22:57:12Z,2619,44,1,PT59S,hd,,en,False,UCcIXc5mJsHVYTZR1maL5l9w,DeepLearningAI
D1W0kS40otM,Accelerating Your AI Career,2022-08-03T19:25:15Z,31499,1437,31,PT1H30M31S,hd,,en,False,UCcIXc5mJsHVYTZR1maL5l9w,DeepLearningAI
4xIu4afZ4gY,DeepLearning.AI Learner Community Event ft. Jan Jitse Venselaar,2020-10-29T17:27:27Z,739,17,0,PT42M21S,hd,,,False,UCcIXc5mJsHVYTZR1maL5l9w,DeepLearningAI
L5INhX5cbWU,"#14 Machine Learning Specialization [Course 1, Week 1, Lesson 3]",2022-12-01T13:22:07Z,15870,158,11,PT6M1S,hd,,en,False,UCcIXc5mJsHVYTZR1maL5l9w,DeepLearningAI
u1VJdicsPEE,DeepLearning.AI NLP Learner Community Event ft. Sachin Wani,2020-10-29T17:26:47Z,596,15,4,PT41M35S,hd,,,False,UCcIXc5mJsHVYTZR1maL5l9w,DeepLearningAI
bZwkaVnhEo4,"#2 AI for Good Specialization [Course 1, Week 1, Lesson 1]",2023-07-27T16:54:21Z,1355,19,1,PT7M12S,hd,,en,False,UCcIXc5mJsHVYTZR1maL5l9w,DeepLearningAI
Yqj7Kyjznh4,Data-centric AI: Real World Approaches,2021-08-11T19:15:26Z,40181,1280,21,PT1H34M54S,hd,,en,False,UCcIXc5mJsHVYTZR1maL5l9w,DeepLearningAI
xvhOZLMaquY,AI+X: AI Innovation in Healthcare,2021-03-25T18:08:42Z,7692,224,4,PT1H2M55S,hd,,en,False,UCcIXc5mJsHVYTZR1maL5l9w,DeepLearningAI
_pDASRZSuH4,deeplearning.ai Learner Community Event ft. Roger Smith,2020-10-29T17:27:22Z,542,12,0,PT49M40S,hd,,,False,UCcIXc5mJsHVYTZR1maL5l9w,DeepLearningAI
uxEGdlO3YRY,DeepLearning.AI NLP Learner Community Event ft.Valeri Voev,2020-10-29T17:27:01Z,1251,24,0,PT41M45S,hd,,,False,UCcIXc5mJsHVYTZR1maL5l9w,DeepLearningAI
fkB6NySGvGY,#BeADeepLearner like Matt Struble with DeepLearning.AI,2022-04-08T22:55:56Z,1079,7,0,PT45S,hd,,en,False,UCcIXc5mJsHVYTZR1maL5l9w,DeepLearningAI
NJaVkJDrBCc,Celebrating Deep Learner Month #BeADeepLearner,2022-04-08T22:57:53Z,6156,88,4,PT1M36S,hd,,en,False,UCcIXc5mJsHVYTZR1maL5l9w,DeepLearningAI
3aL3J5tlw7s,DeepLearning.AI Learner Community Event ft. Neelesh Kamkolkar,2020-10-29T17:27:17Z,440,11,3,PT41M50S,hd,,,False,UCcIXc5mJsHVYTZR1maL5l9w,DeepLearningAI
CEBwVqRdKWc,"#39 Machine Learning Engineering for Production (MLOps) Specialization [Course 1, Week 3, Lesson 15]",2022-04-21T00:00:53Z,4633,43,0,PT7M25S,hd,,en,False,UCcIXc5mJsHVYTZR1maL5l9w,DeepLearningAI
wlQvPJHxfOE,Pie & AI MedellÃ­n: A Discussion with Andrew Ng and Helmuth Trefftz,2019-09-16T19:47:19Z,4812,75,7,PT37M15S,hd,,en,False,UCcIXc5mJsHVYTZR1maL5l9w,DeepLearningAI
lHXd2hBnlJk,"#9 Machine Learning Engineering for Production (MLOps) Specialization [Course 1, Week 2, Lesson 1]",2022-04-21T00:00:24Z,8321,67,0,PT2M41S,hd,,en,False,UCcIXc5mJsHVYTZR1maL5l9w,DeepLearningAI
1-8W6z4wBJU,DeepLearning.AI NLP Learner Community Event ft. Luis Alaniz,2020-10-29T17:27:04Z,6062,42,1,PT30M51S,hd,,,False,UCcIXc5mJsHVYTZR1maL5l9w,DeepLearningAI
XVkLL9eq8sk,Climbing the Corporate AI Ladder -DeepLearning.AI & FourthBrain,2021-05-05T18:16:36Z,6701,208,5,PT1H6M7S,hd,,en,False,UCcIXc5mJsHVYTZR1maL5l9w,DeepLearningAI
qOEeK1SNF3k,"#24 Machine Learning Engineering for Production (MLOps) Specialization [Course 1, Week 2, Lesson 16]",2022-04-21T00:02:44Z,3853,40,0,PT3M31S,hd,,en,False,UCcIXc5mJsHVYTZR1maL5l9w,DeepLearningAI
v4xA2JYO8MI,"#7 AI for Good Specialization [Course 1, Week 1, Lesson 2]",2023-07-27T16:55:39Z,464,5,0,PT10M14S,hd,,en,False,UCcIXc5mJsHVYTZR1maL5l9w,DeepLearningAI
V9fjtkPWD4E,Landing an ML Job- secrets from technical recruiters,2020-10-15T18:29:35Z,22656,846,27,PT1H3M10S,hd,,en,False,UCcIXc5mJsHVYTZR1maL5l9w,DeepLearningAI
FCB0Qt2bnFw,#BeADeepLearner like Lei Xu with DeepLearning.AI,2022-04-08T22:56:54Z,995,8,0,PT53S,hd,,en,False,UCcIXc5mJsHVYTZR1maL5l9w,DeepLearningAI
ExMG-9-ridg,#BeADeepLearner like Tim Steves with DeepLearning.AI,2022-04-08T22:57:01Z,1007,8,1,PT1M5S,hd,,en,False,UCcIXc5mJsHVYTZR1maL5l9w,DeepLearningAI
eZZwySXsj-g,"#5 AI for Good Specialization [Course 1, Week 1, Lesson 2]",2023-07-27T16:55:12Z,603,3,0,PT5M36S,hd,,en,False,UCcIXc5mJsHVYTZR1maL5l9w,DeepLearningAI
3eJZzSl6I4g,"#25 AI for Good Specialization [Course 1, Week 2, Lesson 2]",2023-07-27T17:07:46Z,261,5,0,PT6M15S,hd,,en,False,UCcIXc5mJsHVYTZR1maL5l9w,DeepLearningAI
tyn1AFeKv2I,"#BeADeepLearner like Aleksandr, Niranjan, I-Chiao, Matt and Yudhiesh",2022-04-08T22:56:35Z,488,3,0,PT2M53S,hd,,en,False,UCcIXc5mJsHVYTZR1maL5l9w,DeepLearningAI
V4gmRuYPtLA,How Convolutions Work (TensorFlow in Practice),2020-02-05T19:00:08Z,2946,33,3,PT42S,hd,,en,False,UCcIXc5mJsHVYTZR1maL5l9w,DeepLearningAI
pVNmIV4F8ug,"#BeADeepLearner like Macit, Kulsoom, Lei and Tim",2022-04-08T22:56:43Z,433,3,0,PT2M53S,hd,,en,False,UCcIXc5mJsHVYTZR1maL5l9w,DeepLearningAI
4Ai7wmUGFNA,"AI + X: Donâ€™t Switch Careers, Add AI",2021-02-04T19:42:30Z,17150,560,15,PT1H34M6S,hd,,en,False,UCcIXc5mJsHVYTZR1maL5l9w,DeepLearningAI
Dmw_-1Yh22g,"#26 AI for Good Specialization [Course 1, Week 2, Lesson 2]",2023-07-27T17:08:02Z,276,3,0,PT8M16S,hd,,en,False,UCcIXc5mJsHVYTZR1maL5l9w,DeepLearningAI
OTu7yNMmSj0,"#10 AI for Good Specialization [Course 1, Week 1, Lesson 3]",2023-07-27T16:56:33Z,420,2,0,PT6M25S,hd,,en,False,UCcIXc5mJsHVYTZR1maL5l9w,DeepLearningAI
HLVCvVEhzf4,"#17 AI for Good Specialization [Course 1, Week 2, Lesson 1]",2023-07-27T16:59:31Z,264,2,0,PT13M48S,hd,,en,False,UCcIXc5mJsHVYTZR1maL5l9w,DeepLearningAI
kH4ZoZSvddM,Navigating LLM Threats: Detecting Prompt Injections and Jailbreaks,2023-12-18T20:23:15Z,0,4,0,P0D,sd,,en-US,False,UCcIXc5mJsHVYTZR1maL5l9w,DeepLearningAI
Yhp8MbOvU7o,"#29 AI for Good Specialization [Course 1, Week 3, Lesson 1]",2023-07-27T17:08:49Z,191,1,0,PT3M10S,hd,,en,False,UCcIXc5mJsHVYTZR1maL5l9w,DeepLearningAI
79UqdjnPEZ0,"#8 Machine Learning Engineering for Production (MLOps) Specialization [Course 1, Week 1, Lesson 8]",2022-04-21T00:00:22Z,10811,114,0,PT9M33S,hd,,en,False,UCcIXc5mJsHVYTZR1maL5l9w,DeepLearningAI
VnPjmB0Newc,"#28 AI for Good Specialization [Course 1, Week 2, Lesson 2]",2023-07-27T17:08:33Z,199,2,0,PT3M17S,hd,,en,False,UCcIXc5mJsHVYTZR1maL5l9w,DeepLearningAI
tHDDbqYfflM,"#20 Machine Learning Specialization [Course 1, Week 1, Lesson 4]",2022-12-01T13:22:28Z,13582,168,7,PT5M49S,hd,,en,False,UCcIXc5mJsHVYTZR1maL5l9w,DeepLearningAI
-YehDP8LmmM,"#22 AI for Good Specialization [Course 1, Week 1, Lesson 1]",2023-07-27T17:05:21Z,315,1,0,PT6M53S,hd,,en,False,UCcIXc5mJsHVYTZR1maL5l9w,DeepLearningAI
Fxq6vjJwX3o,"#16 AI for Good Specialization [Course 1, Week 2, Lesson 1]",2023-07-27T16:59:13Z,270,1,1,PT5M22S,hd,,en,False,UCcIXc5mJsHVYTZR1maL5l9w,DeepLearningAI
IESLSRTrMtk,"#15 AI for Good Specialization [Course 1, Week 2, Lesson 1]",2023-07-27T16:58:39Z,237,1,0,PT10M42S,hd,,en,False,UCcIXc5mJsHVYTZR1maL5l9w,DeepLearningAI
DesR0-kGZ-k,"#24 AI for Good Specialization [Course 1, Week 2, Lesson 2]",2023-07-27T17:07:08Z,170,1,0,PT5M37S,hd,,en,False,UCcIXc5mJsHVYTZR1maL5l9w,DeepLearningAI
MR1KzFSlRQY,#BeADeepLearner like Aleksandr Gontcharov with DeepLearning.AI,2022-04-08T22:56:11Z,580,2,0,PT45S,hd,,en,False,UCcIXc5mJsHVYTZR1maL5l9w,DeepLearningAI
1kgcON0Eauc,"#38 Machine Learning Specialization [Course 1, Week 3, Lesson 4]",2022-12-01T13:23:25Z,10376,90,1,PT8M16S,hd,,en,False,UCcIXc5mJsHVYTZR1maL5l9w,DeepLearningAI
PQfKE8HucGU,"#27 AI for Good Specialization [Course 1, Week 2, Lesson 2]",2023-07-27T17:08:18Z,309,5,0,PT8M41S,hd,,en,False,UCcIXc5mJsHVYTZR1maL5l9w,DeepLearningAI
4Kq39nLkwRE,"#23 AI for Good Specialization [Course 1, Week 2, Lesson 2]",2023-07-27T17:05:40Z,192,0,0,PT7M7S,hd,,en,False,UCcIXc5mJsHVYTZR1maL5l9w,DeepLearningAI
f-xGecL2H2w,Founding an AI Startup: Dos & Don'ts of Building a Company,2022-10-18T18:02:52Z,8466,350,5,PT58M50S,hd,,en,False,UCcIXc5mJsHVYTZR1maL5l9w,DeepLearningAI
H343JRrncfc,Heroes of NLP: Chris Manning,2020-10-14T06:43:47Z,15660,333,6,PT46M32S,hd,"['AI', 'Machine learning', 'NLP', 'Andrew Ng', 'Chris Manning', 'GPT-3', 'GloVe']",en,False,UCcIXc5mJsHVYTZR1maL5l9w,DeepLearningAI
Er2ucMxjdHE,C5W3L02 Picking the most likely sentence,2018-02-05T19:50:14Z,32833,228,6,PT8M57S,hd,,en-US,False,UCcIXc5mJsHVYTZR1maL5l9w,DeepLearningAI
A2bnWAIpLIo,"#23 Machine Learning Engineering for Production (MLOps) Specialization [Course 1, Week 2, Lesson 15]",2022-04-21T00:02:47Z,4004,37,0,PT4M44S,hd,,en,False,UCcIXc5mJsHVYTZR1maL5l9w,DeepLearningAI
eu88EsQZQI0,#BeADeepLearner like Luciano Darriba with DeepLearning.A,2022-04-08T22:56:08Z,395,5,0,PT2M49S,hd,,en,False,UCcIXc5mJsHVYTZR1maL5l9w,DeepLearningAI
ctpl3PMU-B4,How to Build a Real-World AI Project Portfolio,2022-11-29T18:14:20Z,12231,378,3,PT1H9M19S,hd,,en,False,UCcIXc5mJsHVYTZR1maL5l9w,DeepLearningAI
U2nXlwCwuO4,Expert Panel: Optimizing BizOps with AI,2021-02-26T01:18:34Z,3869,116,4,PT1H2M40S,hd,,en,False,UCcIXc5mJsHVYTZR1maL5l9w,DeepLearningAI
okpqeEUdEkY,Vectorizing Logistic Regression (C1W2L13),2017-08-25T20:23:08Z,63563,433,26,PT7M33S,sd,,en-US,False,UCcIXc5mJsHVYTZR1maL5l9w,DeepLearningAI
XCmQv0_S3oo,"#36 AI for Good Specialization [Course 1, Week 3, Lesson 2]",2023-07-27T17:12:39Z,498,5,0,PT6M8S,hd,,en,False,UCcIXc5mJsHVYTZR1maL5l9w,DeepLearningAI
6SZUnXEHCns,"#36 Machine Learning Specialization [Course 1, Week 3, Lesson 3]",2022-12-01T13:23:17Z,9213,85,0,PT6M32S,hd,,en,False,UCcIXc5mJsHVYTZR1maL5l9w,DeepLearningAI
kk6rh45r0fo,AI Access: Integrating Design and Technical Innovation in AI-First Products,2021-02-19T19:16:14Z,4972,152,,PT1H4M56S,hd,,en,False,UCcIXc5mJsHVYTZR1maL5l9w,DeepLearningAI
e97qoWit_bw,"#35 AI for Good Specialization [Course 1, Week 3, Lesson 1]",2023-07-27T17:12:23Z,340,1,0,PT4M14S,hd,,en,False,UCcIXc5mJsHVYTZR1maL5l9w,DeepLearningAI
_xuz5daI64Y,"#32 AI for Good Specialization [Course 1, Week 3, Lesson 1]",2023-07-27T17:11:06Z,317,2,0,PT10M7S,hd,,en,False,UCcIXc5mJsHVYTZR1maL5l9w,DeepLearningAI
n1l-9lIMW7E,What is a Neural Network? (C1W1L02),2017-08-25T20:22:57Z,177011,1301,28,PT7M17S,sd,,en,False,UCcIXc5mJsHVYTZR1maL5l9w,DeepLearningAI
oBB47VrQucA,"#10 Machine Learning Engineering for Production (MLOps) Specialization [Course 1, Week 2, Lesson 2]",2022-04-21T00:00:29Z,7819,67,0,PT5M11S,hd,,en,False,UCcIXc5mJsHVYTZR1maL5l9w,DeepLearningAI
BOCLq2gpcGU,Other Regularization Methods (C2W1L08),2017-08-25T20:22:46Z,50060,439,9,PT8M24S,hd,,en-US,False,UCcIXc5mJsHVYTZR1maL5l9w,DeepLearningAI
oRAhTejbtLg,"#19 AI for Good Specialization [Course 1, Week 2, Lesson 2]",2023-07-27T17:03:30Z,188,0,0,PT2M46S,hd,,en,False,UCcIXc5mJsHVYTZR1maL5l9w,DeepLearningAI
x6e6V3ybasw,The Impact of AI for Social Good,2022-08-31T17:01:06Z,5086,173,4,PT57M31S,hd,,en,False,UCcIXc5mJsHVYTZR1maL5l9w,DeepLearningAI
S9ElPZupUsE,TensorFlow (C2W3L11),2017-08-25T20:22:44Z,38168,435,14,PT16M8S,hd,,en-US,False,UCcIXc5mJsHVYTZR1maL5l9w,DeepLearningAI
fiDmWKh_WeQ,"#11 Machine Learning Engineering for Production (MLOps) Specialization [Course 1, Week 2, Lesson 3]",2022-04-21T00:03:26Z,12235,153,6,PT10M41S,hd,,en,False,UCcIXc5mJsHVYTZR1maL5l9w,DeepLearningAI
Cn8AtS-9Nwc,C4W4L11 1D and 3D Generalizations,2017-11-07T19:46:13Z,26130,397,33,PT9M9S,hd,,en-US,False,UCcIXc5mJsHVYTZR1maL5l9w,DeepLearningAI
sn_QSB7T1xo,Addressing Data Mismatch (C3W2L06),2017-08-25T20:22:53Z,15377,128,2,PT10M9S,sd,,en-US,False,UCcIXc5mJsHVYTZR1maL5l9w,DeepLearningAI
2BH49JG_sTs,Bias and Variance With Mismatched Data (C3W2L05),2017-08-25T20:22:52Z,18910,197,8,PT18M17S,sd,,en-US,False,UCcIXc5mJsHVYTZR1maL5l9w,DeepLearningAI
c3zw6KI6dLc,C4W2L11 State of Computer Vision,2017-11-07T19:26:10Z,45391,515,3,PT12M38S,hd,,en-US,False,UCcIXc5mJsHVYTZR1maL5l9w,DeepLearningAI
hbqxEJisBHo,"#34 Machine Learning Engineering for Production (MLOps) Specialization [Course 1, Week 3, Lesson 10]",2022-04-21T00:02:06Z,3318,33,0,PT9M56S,hd,,en,False,UCcIXc5mJsHVYTZR1maL5l9w,DeepLearningAI
rOmuRwYFSHs,"#30 AI for Good Specialization [Course 1, Week 3, Lesson 1]",2023-07-27T17:10:34Z,364,9,0,PT11M10S,hd,,en,False,UCcIXc5mJsHVYTZR1maL5l9w,DeepLearningAI
1X9cLvqOPhg,"#20 AI for Good Specialization [Course 1, Week 2, Lesson 2]",2023-07-27T17:03:45Z,196,2,0,PT4M52S,hd,,en,False,UCcIXc5mJsHVYTZR1maL5l9w,DeepLearningAI
8Covj8F-NNc,"#13 Machine Learning Engineering for Production (MLOps) Specialization [Course 1, Week 2, Lesson 5]",2022-04-21T00:03:20Z,7264,80,0,PT6M24S,hd,,en,False,UCcIXc5mJsHVYTZR1maL5l9w,DeepLearningAI
2BkqApHKwn0,Vectorizing Logistic Regression's Gradient Computation (C1W2L14),2017-08-25T20:23:09Z,61766,408,41,PT9M38S,sd,,en-US,False,UCcIXc5mJsHVYTZR1maL5l9w,DeepLearningAI
pfmvIsmcvv0,[AI Access] Applied Analytics from End-to-End,2021-03-09T21:11:46Z,6941,197,5,PT1H1M51S,hd,,en,False,UCcIXc5mJsHVYTZR1maL5l9w,DeepLearningAI
J3HHOwcrkK8,C3W1L08 WhyHumanLevelPerformance,2017-08-25T20:23:14Z,17144,122,2,PT5M47S,sd,,en-US,False,UCcIXc5mJsHVYTZR1maL5l9w,DeepLearningAI
KGI7K_ehHsU,Heroes of NLP: Quoc Le,2020-10-13T20:35:40Z,7358,272,14,PT40M39S,hd,"['AI', 'Machine Learning', 'Google', 'Chatbot', 'Andrew Ng', 'Quoc Le', 'NLP']",en,False,UCcIXc5mJsHVYTZR1maL5l9w,DeepLearningAI
pYWASRauTzs,More Vectorization Examples (C1W2L12),2017-08-25T20:23:06Z,63272,418,16,PT6M20S,hd,,en-US,False,UCcIXc5mJsHVYTZR1maL5l9w,DeepLearningAI
Mk-KFP0r3oM,Branching out of the Notebook: ML Application Development with GitHub,2022-11-09T18:04:33Z,11599,293,8,PT1H42S,hd,,en,False,UCcIXc5mJsHVYTZR1maL5l9w,DeepLearningAI
_wxSoMmqnkg,DeepLearning.AI Learner Community Event ft. Ghaith Sankari,2020-10-29T17:27:32Z,2004,37,2,PT43M54S,hd,,,False,UCcIXc5mJsHVYTZR1maL5l9w,DeepLearningAI
ChoV5h7tw5A,C4W4L07 What are deep CNs learning?,2017-11-07T19:46:13Z,36772,336,19,PT8M5S,hd,,en-US,False,UCcIXc5mJsHVYTZR1maL5l9w,DeepLearningAI
PiF2Aln-L3w,Heroes of NLP: Oren Etzioni,2020-10-13T23:48:15Z,2952,94,3,PT34M49S,hd,"['AI', 'Machine Learning', 'Data', 'AI for Good', 'Andrew Ng', 'AI2']",en,False,UCcIXc5mJsHVYTZR1maL5l9w,DeepLearningAI
dwFcodBz_2I,deeplearning.ai's Heroes of Deep Learning: Yuanqing Lin,2017-08-25T20:22:20Z,6243,67,2,PT13M37S,hd,,,False,UCcIXc5mJsHVYTZR1maL5l9w,DeepLearningAI
DffGdrfY9gI,Heroes of NLP: Kathleen McKeown,2020-10-13T16:08:53Z,4449,134,9,PT35M32S,hd,"['NLP', 'Deep Learning', 'Machine Learning', 'AI', 'Andrew Ng']",en,False,UCcIXc5mJsHVYTZR1maL5l9w,DeepLearningAI
